y,AAP,0.49731368235665285,2000-01-02,2005-01-02
0,0,0,0,0,0,0,0,0,0,0,0,0,0,0,0,0,0,0,0,0,0,0.0,0.675363426472789,-0.5047339632973656,-2.0254151103508735,-0.29704566106462765,2.0549822333958607,-0.722844675912967,-2.020824174063354,-0.6724795199914402,0.5867015168838976,0.4855898944958265,-0.7765168941740846,-0.9675222643082018,-0.34370071987436973,-1.7144449113285993,-1.5267237700321685,2.257114705596446,0.3154445674963747,1.6001649735513015,-0.7834130211874725,1.221601178943055,0.24380813196107,-0.4085545612969136,0.28663761654818326,-0.06844491873025174,-0.882416645466528,-1.09224465078789,-0.24520417350115847,-0.6970724225351581,0.5579455349224657,-0.7700700478035003,-0.6252751203926086,-2.0893805716090403,-0.4418962640950456,-1.8087605452049929,0.3563778815245085,0.6943571888027245,-0.17605630645464482
0,0,0,0,0,0,0,0,0,0,0,0,0,0,0,0,0,0,0,0,0,0,0.0,2.175140410407132,-1.0584935091009413,-3.5536965605994624,-0.44197179456242874,10.39970982413469,-1.7756991267718132,-3.1775591091739743,-2.3370253291651544,0.9383047992987692,1.68010084380188,-1.1257766989832958,-2.1424497030595657,-0.6194059499311904,-2.423452059033349,-2.404642484685321,10.688721057012545,0.7494840881335999,12.088084729636448,-2.037053614262214,4.797486874344322,0.8039118430464663,-0.7601967844906917,0.7653527553904558,-0.17473613591504905,-1.279992805100447,-2.6489922638727914,-0.39577405989002323,-2.022511824043014,1.5568972611333698,-2.013458270127147,-1.569567683718071,-3.2279336803318697,-1.284770409629477,-3.5814591366722097,3.109755196215574,1.7787415840867198,-0.4337668652846483
0,0,0,0,0,0,0,0,0,0,0,0,0,0,0,0,0,0,0,0,0,0,0.3972828000163693,4.490104830485685,-0.155398951873569,-0.5047957914753805,0.33855572577990234,25.502725811315038,-0.1991832027259285,-0.8272447846353369,-0.5626552523156387,2.3371361513864213,2.0263560200208564,-0.412924134538434,-0.5241919818156136,0.0995914919525227,-0.7903874879934885,-0.7711364757068194,8.022162647664274,1.071436280454766,11.493875638258373,-0.237838294927191,2.7828713380321095,1.054674107145336,0.10424506499761965,0.9313639796654141,0.6011956343630114,-0.17848190171107725,-0.34969689828066086,0.2692090288423443,-0.01462955558258161,1.5551971785276972,-0.16692437185022124,0.16781310279147177,-0.8436468460554606,0.0,-0.5079758888172612,1.6956686294954717,1.6948961513224208,0.50101324309559
y,AAP,-0.1775922006349676,2001-01-02,2006-01-02
0,0,0,0,0,0,0,0,0,0,0.0,0.675363426472789,-0.5047339632973656,-2.0254151103508735,-0.29704566106462765,2.0549822333958607,-0.722844675912967,-2.020824174063354,-0.6724795199914402,0.5867015168838976,0.4855898944958265,-0.7765168941740846,-0.9675222643082018,-0.34370071987436973,-1.7144449113285993,-1.5267237700321685,2.257114705596446,0.3154445674963747,1.6001649735513015,-0.7834130211874725,1.221601178943055,0.24380813196107,-0.4085545612969136,0.28663761654818326,-0.06844491873025174,-0.882416645466528,-1.09224465078789,-0.24520417350115847,-0.6970724225351581,0.5579455349224657,-0.7700700478035003,-0.6252751203926086,-2.0893805716090403,-0.4418962640950456,-1.8087605452049929,0.3563778815245085,0.6943571888027245,-0.17605630645464482,-0.9961922892545994,1.0642575236625096,-1.253642975364582,-0.13526975306678585,1.5542364953160777,0.7993129792470238,0.6503424496678878,-2.9647390454156213,-0.5248284556890852,-0.5332000173662623,1.1051413579813443,-1.1231293329827918
0,0,0,0,0,0,0,0,0,0,0.0,2.175140410407132,-1.0584935091009413,-3.5536965605994624,-0.44197179456242874,10.39970982413469,-1.7756991267718132,-3.1775591091739743,-2.3370253291651544,0.9383047992987692,1.68010084380188,-1.1257766989832958,-2.1424497030595657,-0.6194059499311904,-2.423452059033349,-2.404642484685321,10.688721057012545,0.7494840881335999,12.088084729636448,-2.037053614262214,4.797486874344322,0.8039118430464663,-0.7601967844906917,0.7653527553904558,-0.17473613591504905,-1.279992805100447,-2.6489922638727914,-0.39577405989002323,-2.022511824043014,1.5568972611333698,-2.013458270127147,-1.569567683718071,-3.2279336803318697,-1.284770409629477,-3.5814591366722097,3.109755196215574,1.7787415840867198,-0.4337668652846483,-1.9934033677656307,9.074085526997456,-2.234538815912903,-0.44329963651543447,6.7451121340770985,2.240902940305504,2.452743951238511,-4.111719880461269,-1.7432856570265363,-1.0099412155524312,2.340399473325932,-2.703763135526139
0,0,0,0,0,0,0,0,0,0,0.3972828000163693,4.490104830485685,-0.155398951873569,-0.5047957914753805,0.33855572577990234,25.502725811315038,-0.1991832027259285,-0.8272447846353369,-0.5626552523156387,2.3371361513864213,2.0263560200208564,-0.412924134538434,-0.5241919818156136,0.0995914919525227,-0.7903874879934885,-0.7711364757068194,8.022162647664274,1.071436280454766,11.493875638258373,-0.237838294927191,2.7828713380321095,1.054674107145336,0.10424506499761965,0.9313639796654141,0.6011956343630114,-0.17848190171107725,-0.34969689828066086,0.2692090288423443,-0.01462955558258161,1.5551971785276972,-0.16692437185022124,0.16781310279147177,-0.8436468460554606,0.0,-0.5079758888172612,1.6956686294954717,1.6948961513224208,0.50101324309559,-0.05278901654357515,9.705941132957284,-0.2562387125880573,0.5077386425068726,4.1693738797537305,1.4410544001625971,1.5064615961346912,-0.9028362660328265,-0.03296918921082781,-0.08696121664146972,3.62825550189734,-0.1095266968672024
y,AAP,0.06321852175867604,2002-01-02,2007-01-02
-0.5047339632973656,-2.0254151103508735,-0.29704566106462765,2.0549822333958607,-0.722844675912967,-2.020824174063354,-0.6724795199914402,0.5867015168838976,0.4855898944958265,-0.7765168941740846,-0.9675222643082018,-0.34370071987436973,-1.7144449113285993,-1.5267237700321685,2.257114705596446,0.3154445674963747,1.6001649735513015,-0.7834130211874725,1.221601178943055,0.24380813196107,-0.4085545612969136,0.28663761654818326,-0.06844491873025174,-0.882416645466528,-1.09224465078789,-0.24520417350115847,-0.6970724225351581,0.5579455349224657,-0.7700700478035003,-0.6252751203926086,-2.0893805716090403,-0.4418962640950456,-1.8087605452049929,0.3563778815245085,0.6943571888027245,-0.17605630645464482,-0.9961922892545994,1.0642575236625096,-1.253642975364582,-0.13526975306678585,1.5542364953160777,0.7993129792470238,0.6503424496678878,-2.9647390454156213,-0.5248284556890852,-0.5332000173662623,1.1051413579813443,-1.1231293329827918,-1.1889017921141865,-0.4986741889383589,-1.939076134941174,-1.7599417502199284,-1.1040506455294605,-1.397607430746929,-0.3409958295753105,-0.34902468112583546,0.34626759446790123,0.4088923416382771,-1.0010265076938385,-0.6303790858660857
-1.0584935091009413,-3.5536965605994624,-0.44197179456242874,10.39970982413469,-1.7756991267718132,-3.1775591091739743,-2.3370253291651544,0.9383047992987692,1.68010084380188,-1.1257766989832958,-2.1424497030595657,-0.6194059499311904,-2.423452059033349,-2.404642484685321,10.688721057012545,0.7494840881335999,12.088084729636448,-2.037053614262214,4.797486874344322,0.8039118430464663,-0.7601967844906917,0.7653527553904558,-0.17473613591504905,-1.279992805100447,-2.6489922638727914,-0.39577405989002323,-2.022511824043014,1.5568972611333698,-2.013458270127147,-1.569567683718071,-3.2279336803318697,-1.284770409629477,-3.5814591366722097,3.109755196215574,1.7787415840867198,-0.4337668652846483,-1.9934033677656307,9.074085526997456,-2.234538815912903,-0.44329963651543447,6.7451121340770985,2.240902940305504,2.452743951238511,-4.111719880461269,-1.7432856570265363,-1.0099412155524312,2.340399473325932,-2.703763135526139,-2.5990205101034314,-0.8036563267292517,-4.451052807249056,-4.5256341171797425,-2.4951375896340777,-1.501803934407445,-0.9399875295693892,-1.1881543654481042,1.1376796778523868,1.58140316976089,-1.413928331586965,-1.95808502426699
-0.155398951873569,-0.5047957914753805,0.33855572577990234,25.502725811315038,-0.1991832027259285,-0.8272447846353369,-0.5626552523156387,2.3371361513864213,2.0263560200208564,-0.412924134538434,-0.5241919818156136,0.0995914919525227,-0.7903874879934885,-0.7711364757068194,8.022162647664274,1.071436280454766,11.493875638258373,-0.237838294927191,2.7828713380321095,1.054674107145336,0.10424506499761965,0.9313639796654141,0.6011956343630114,-0.17848190171107725,-0.34969689828066086,0.2692090288423443,-0.01462955558258161,1.5551971785276972,-0.16692437185022124,0.16781310279147177,-0.8436468460554606,0.0,-0.5079758888172612,1.6956686294954717,1.6948961513224208,0.50101324309559,-0.05278901654357515,9.705941132957284,-0.2562387125880573,0.5077386425068726,4.1693738797537305,1.4410544001625971,1.5064615961346912,-0.9028362660328265,-0.03296918921082781,-0.08696121664146972,3.62825550189734,-0.1095266968672024,-0.27262405746600094,0.08309426637110917,-0.2265646379824625,-0.5944428689502079,-0.16854509638914483,-0.9635958725696854,0.3446076677991763,0.2040318927574365,1.3269156681015137,1.6765820201386528,-0.29075754892627026,0.15382405178779468
y,AAP,-0.09882847705719455,2003-01-02,2008-01-02
-1.7144449113285993,-1.5267237700321685,2.257114705596446,0.3154445674963747,1.6001649735513015,-0.7834130211874725,1.221601178943055,0.24380813196107,-0.4085545612969136,0.28663761654818326,-0.06844491873025174,-0.882416645466528,-1.09224465078789,-0.24520417350115847,-0.6970724225351581,0.5579455349224657,-0.7700700478035003,-0.6252751203926086,-2.0893805716090403,-0.4418962640950456,-1.8087605452049929,0.3563778815245085,0.6943571888027245,-0.17605630645464482,-0.9961922892545994,1.0642575236625096,-1.253642975364582,-0.13526975306678585,1.5542364953160777,0.7993129792470238,0.6503424496678878,-2.9647390454156213,-0.5248284556890852,-0.5332000173662623,1.1051413579813443,-1.1231293329827918,-1.1889017921141865,-0.4986741889383589,-1.939076134941174,-1.7599417502199284,-1.1040506455294605,-1.397607430746929,-0.3409958295753105,-0.34902468112583546,0.34626759446790123,0.4088923416382771,-1.0010265076938385,-0.6303790858660857,0.11372805954317608,-1.0519300193857177,0.3758295515437334,0.351773573417626,-0.7277750571184562,-1.0385392304531442,-2.788766666383668,-0.21496740512990914,-1.3194780974231242,0.024192174486118226,-0.08701270404470078,0.18190724929668026
-2.423452059033349,-2.404642484685321,10.688721057012545,0.7494840881335999,12.088084729636448,-2.037053614262214,4.797486874344322,0.8039118430464663,-0.7601967844906917,0.7653527553904558,-0.17473613591504905,-1.279992805100447,-2.6489922638727914,-0.39577405989002323,-2.022511824043014,1.5568972611333698,-2.013458270127147,-1.569567683718071,-3.2279336803318697,-1.284770409629477,-3.5814591366722097,3.109755196215574,1.7787415840867198,-0.4337668652846483,-1.9934033677656307,9.074085526997456,-2.234538815912903,-0.44329963651543447,6.7451121340770985,2.240902940305504,2.452743951238511,-4.111719880461269,-1.7432856570265363,-1.0099412155524312,2.340399473325932,-2.703763135526139,-2.5990205101034314,-0.8036563267292517,-4.451052807249056,-4.5256341171797425,-2.4951375896340777,-1.501803934407445,-0.9399875295693892,-1.1881543654481042,1.1376796778523868,1.58140316976089,-1.413928331586965,-1.95808502426699,0.3199959295044581,-2.755672425014455,0.9178736172227108,1.489856530031726,-2.140905847000644,-3.455134766663266,-4.090743248019017,-0.6001177167072792,-3.6967736030999454,0.07892242505686295,-0.2789246423453448,0.5389977769697671
-0.7903874879934885,-0.7711364757068194,8.022162647664274,1.071436280454766,11.493875638258373,-0.237838294927191,2.7828713380321095,1.054674107145336,0.10424506499761965,0.9313639796654141,0.6011956343630114,-0.17848190171107725,-0.34969689828066086,0.2692090288423443,-0.01462955558258161,1.5551971785276972,-0.16692437185022124,0.16781310279147177,-0.8436468460554606,0.0,-0.5079758888172612,1.6956686294954717,1.6948961513224208,0.50101324309559,-0.05278901654357515,9.705941132957284,-0.2562387125880573,0.5077386425068726,4.1693738797537305,1.4410544001625971,1.5064615961346912,-0.9028362660328265,-0.03296918921082781,-0.08696121664146972,3.62825550189734,-0.1095266968672024,-0.27262405746600094,0.08309426637110917,-0.2265646379824625,-0.5944428689502079,-0.16854509638914483,-0.9635958725696854,0.3446076677991763,0.2040318927574365,1.3269156681015137,1.6765820201386528,-0.29075754892627026,0.15382405178779468,0.8516978912876998,-0.34816786287732204,1.2330510099851257,1.1522405490937766,0.09210783752487028,-0.22966513324572668,-0.8410616817887674,0.1657979787182251,-0.5275088642322003,0.7232955132764867,0.5011308282853275,0.816324530341294
y,AAP,0.1899194239782669,2004-01-02,2009-01-02
-1.09224465078789,-0.24520417350115847,-0.6970724225351581,0.5579455349224657,-0.7700700478035003,-0.6252751203926086,-2.0893805716090403,-0.4418962640950456,-1.8087605452049929,0.3563778815245085,0.6943571888027245,-0.17605630645464482,-0.9961922892545994,1.0642575236625096,-1.253642975364582,-0.13526975306678585,1.5542364953160777,0.7993129792470238,0.6503424496678878,-2.9647390454156213,-0.5248284556890852,-0.5332000173662623,1.1051413579813443,-1.1231293329827918,-1.1889017921141865,-0.4986741889383589,-1.939076134941174,-1.7599417502199284,-1.1040506455294605,-1.397607430746929,-0.3409958295753105,-0.34902468112583546,0.34626759446790123,0.4088923416382771,-1.0010265076938385,-0.6303790858660857,0.11372805954317608,-1.0519300193857177,0.3758295515437334,0.351773573417626,-0.7277750571184562,-1.0385392304531442,-2.788766666383668,-0.21496740512990914,-1.3194780974231242,0.024192174486118226,-0.08701270404470078,0.18190724929668026,-0.4537735525918885,-1.123898630225028,0.15777883448590874,-0.3852477340310847,0.7021979860674672,-1.0141435945695292,0.8140699546890137,0.27972811603571957,-1.600059980725841,-0.69067699489052,-0.14638064476661475,0.8762987711497752
-2.6489922638727914,-0.39577405989002323,-2.022511824043014,1.5568972611333698,-2.013458270127147,-1.569567683718071,-3.2279336803318697,-1.284770409629477,-3.5814591366722097,3.109755196215574,1.7787415840867198,-0.4337668652846483,-1.9934033677656307,9.074085526997456,-2.234538815912903,-0.44329963651543447,6.7451121340770985,2.240902940305504,2.452743951238511,-4.111719880461269,-1.7432856570265363,-1.0099412155524312,2.340399473325932,-2.703763135526139,-2.5990205101034314,-0.8036563267292517,-4.451052807249056,-4.5256341171797425,-2.4951375896340777,-1.501803934407445,-0.9399875295693892,-1.1881543654481042,1.1376796778523868,1.58140316976089,-1.413928331586965,-1.95808502426699,0.3199959295044581,-2.755672425014455,0.9178736172227108,1.489856530031726,-2.140905847000644,-3.455134766663266,-4.090743248019017,-0.6001177167072792,-3.6967736030999454,0.07892242505686295,-0.2789246423453448,0.5389977769697671,-1.0268956283799755,-2.582046799284793,0.3465006651839127,-0.9701087308130824,3.9108231577487054,-1.9972511249364682,3.5584082978574347,0.8849279528316665,-4.197616911209249,-1.3657592403959558,-0.4381872580141499,2.503103103978762
-0.34969689828066086,0.2692090288423443,-0.01462955558258161,1.5551971785276972,-0.16692437185022124,0.16781310279147177,-0.8436468460554606,0.0,-0.5079758888172612,1.6956686294954717,1.6948961513224208,0.50101324309559,-0.05278901654357515,9.705941132957284,-0.2562387125880573,0.5077386425068726,4.1693738797537305,1.4410544001625971,1.5064615961346912,-0.9028362660328265,-0.03296918921082781,-0.08696121664146972,3.62825550189734,-0.1095266968672024,-0.27262405746600094,0.08309426637110917,-0.2265646379824625,-0.5944428689502079,-0.16854509638914483,-0.9635958725696854,0.3446076677991763,0.2040318927574365,1.3269156681015137,1.6765820201386528,-0.29075754892627026,0.15382405178779468,0.8516978912876998,-0.34816786287732204,1.2330510099851257,1.1522405490937766,0.09210783752487028,-0.22966513324572668,-0.8410616817887674,0.1657979787182251,-0.5275088642322003,0.7232955132764867,0.5011308282853275,0.816324530341294,-0.2997958276135061,-0.636985693255399,0.8253036912044431,0.05220515926736846,3.1420643734434375,-0.649328212888681,3.21820537035443,1.0845577497168226,-0.7740526901579275,-0.925418250956491,-0.04362180912011904,3.747286071135445
y,AAP,0.629913637609411,2005-01-02,2010-01-02
-0.9961922892545994,1.0642575236625096,-1.253642975364582,-0.13526975306678585,1.5542364953160777,0.7993129792470238,0.6503424496678878,-2.9647390454156213,-0.5248284556890852,-0.5332000173662623,1.1051413579813443,-1.1231293329827918,-1.1889017921141865,-0.4986741889383589,-1.939076134941174,-1.7599417502199284,-1.1040506455294605,-1.397607430746929,-0.3409958295753105,-0.34902468112583546,0.34626759446790123,0.4088923416382771,-1.0010265076938385,-0.6303790858660857,0.11372805954317608,-1.0519300193857177,0.3758295515437334,0.351773573417626,-0.7277750571184562,-1.0385392304531442,-2.788766666383668,-0.21496740512990914,-1.3194780974231242,0.024192174486118226,-0.08701270404470078,0.18190724929668026,-0.4537735525918885,-1.123898630225028,0.15777883448590874,-0.3852477340310847,0.7021979860674672,-1.0141435945695292,0.8140699546890137,0.27972811603571957,-1.600059980725841,-0.69067699489052,-0.14638064476661475,0.8762987711497752,-0.456455637682172,0.46175766881095803,0.4769051321419267,0.3297290578466554,-0.019183913376525894,-1.2642385369894436,0.7735776032017356,-1.7844065195913308,-1.6184452804342477,-0.7334030917511519,0.7292142781242011,-0.8946544881571419
-1.9934033677656307,9.074085526997456,-2.234538815912903,-0.44329963651543447,6.7451121340770985,2.240902940305504,2.452743951238511,-4.111719880461269,-1.7432856570265363,-1.0099412155524312,2.340399473325932,-2.703763135526139,-2.5990205101034314,-0.8036563267292517,-4.451052807249056,-4.5256341171797425,-2.4951375896340777,-1.501803934407445,-0.9399875295693892,-1.1881543654481042,1.1376796778523868,1.58140316976089,-1.413928331586965,-1.95808502426699,0.3199959295044581,-2.755672425014455,0.9178736172227108,1.489856530031726,-2.140905847000644,-3.455134766663266,-4.090743248019017,-0.6001177167072792,-3.6967736030999454,0.07892242505686295,-0.2789246423453448,0.5389977769697671,-1.0268956283799755,-2.582046799284793,0.3465006651839127,-0.9701087308130824,3.9108231577487054,-1.9972511249364682,3.5584082978574347,0.8849279528316665,-4.197616911209249,-1.3657592403959558,-0.4381872580141499,2.503103103978762,-1.2875905158028507,1.3155624120756881,1.264882472809348,0.9511624511696528,-0.05682455238965615,-2.4172792171194994,3.0308738643416238,-2.8675043628718004,-2.7904910282207505,-1.4603213804370048,1.6728736565148306,-2.727768257481645
-0.05278901654357515,9.705941132957284,-0.2562387125880573,0.5077386425068726,4.1693738797537305,1.4410544001625971,1.5064615961346912,-0.9028362660328265,-0.03296918921082781,-0.08696121664146972,3.62825550189734,-0.1095266968672024,-0.27262405746600094,0.08309426637110917,-0.2265646379824625,-0.5944428689502079,-0.16854509638914483,-0.9635958725696854,0.3446076677991763,0.2040318927574365,1.3269156681015137,1.6765820201386528,-0.29075754892627026,0.15382405178779468,0.8516978912876998,-0.34816786287732204,1.2330510099851257,1.1522405490937766,0.09210783752487028,-0.22966513324572668,-0.8410616817887674,0.1657979787182251,-0.5275088642322003,0.7232955132764867,0.5011308282853275,0.816324530341294,-0.2997958276135061,-0.636985693255399,0.8253036912044431,0.05220515926736846,3.1420643734434375,-0.649328212888681,3.21820537035443,1.0845577497168226,-0.7740526901579275,-0.925418250956491,-0.04362180912011904,3.747286071135445,-0.32014239934485056,2.4249156852978246,1.9757158229583398,1.1995392677663572,0.437708250046998,-0.5478164733621416,1.896438560679501,-0.7726774730469909,-0.7054574709811838,-0.17579719088260226,2.242379947488374,-0.02055286654317867
y,AAP,0.0671336516011376,2006-01-02,2011-01-02
-1.1889017921141865,-0.4986741889383589,-1.939076134941174,-1.7599417502199284,-1.1040506455294605,-1.397607430746929,-0.3409958295753105,-0.34902468112583546,0.34626759446790123,0.4088923416382771,-1.0010265076938385,-0.6303790858660857,0.11372805954317608,-1.0519300193857177,0.3758295515437334,0.351773573417626,-0.7277750571184562,-1.0385392304531442,-2.788766666383668,-0.21496740512990914,-1.3194780974231242,0.024192174486118226,-0.08701270404470078,0.18190724929668026,-0.4537735525918885,-1.123898630225028,0.15777883448590874,-0.3852477340310847,0.7021979860674672,-1.0141435945695292,0.8140699546890137,0.27972811603571957,-1.600059980725841,-0.69067699489052,-0.14638064476661475,0.8762987711497752,-0.456455637682172,0.46175766881095803,0.4769051321419267,0.3297290578466554,-0.019183913376525894,-1.2642385369894436,0.7735776032017356,-1.7844065195913308,-1.6184452804342477,-0.7334030917511519,0.7292142781242011,-0.8946544881571419,-0.30280260885409566,-0.4249148606949549,-0.29757805197972387,0.23255861908155542,0.7842154692478182,-0.5309167864912621,0.24935657745304834,0.32577990895075576,0.36282686141325293,1.7582369141558223,0.3625727898515396,-1.5310513248940987
-2.5990205101034314,-0.8036563267292517,-4.451052807249056,-4.5256341171797425,-2.4951375896340777,-1.501803934407445,-0.9399875295693892,-1.1881543654481042,1.1376796778523868,1.58140316976089,-1.413928331586965,-1.95808502426699,0.3199959295044581,-2.755672425014455,0.9178736172227108,1.489856530031726,-2.140905847000644,-3.455134766663266,-4.090743248019017,-0.6001177167072792,-3.6967736030999454,0.07892242505686295,-0.2789246423453448,0.5389977769697671,-1.0268956283799755,-2.582046799284793,0.3465006651839127,-0.9701087308130824,3.9108231577487054,-1.9972511249364682,3.5584082978574347,0.8849279528316665,-4.197616911209249,-1.3657592403959558,-0.4381872580141499,2.503103103978762,-1.2875905158028507,1.3155624120756881,1.264882472809348,0.9511624511696528,-0.05682455238965615,-2.4172792171194994,3.0308738643416238,-2.8675043628718004,-2.7904910282207505,-1.4603213804370048,1.6728736565148306,-2.727768257481645,-0.9047428543590208,-0.5156439645672076,-1.054647651301724,0.8667890921322046,4.189182081146661,-1.014112441764082,0.5104271248812767,1.0216650012686441,1.283384962737661,12.489030226319409,0.7495109464422278,-2.737667915213464
-0.27262405746600094,0.08309426637110917,-0.2265646379824625,-0.5944428689502079,-0.16854509638914483,-0.9635958725696854,0.3446076677991763,0.2040318927574365,1.3269156681015137,1.6765820201386528,-0.29075754892627026,0.15382405178779468,0.8516978912876998,-0.34816786287732204,1.2330510099851257,1.1522405490937766,0.09210783752487028,-0.22966513324572668,-0.8410616817887674,0.1657979787182251,-0.5275088642322003,0.7232955132764867,0.5011308282853275,0.816324530341294,-0.2997958276135061,-0.636985693255399,0.8253036912044431,0.05220515926736846,3.1420643734434375,-0.649328212888681,3.21820537035443,1.0845577497168226,-0.7740526901579275,-0.925418250956491,-0.04362180912011904,3.747286071135445,-0.32014239934485056,2.4249156852978246,1.9757158229583398,1.1995392677663572,0.437708250046998,-0.5478164733621416,1.896438560679501,-0.7726774730469909,-0.7054574709811838,-0.17579719088260226,2.242379947488374,-0.02055286654317867,0.2636504259740353,0.04856581352088951,0.3542819837129665,0.9627109611762916,2.3691017962254404,-0.06420392003593345,0.7265382038080255,0.8485077676588688,0.6869570279754784,2.7028160497839564,0.7289426932479779,-0.20904748934880957
y,AAP,0.050485130242689635,2007-01-02,2012-01-02
0.11372805954317608,-1.0519300193857177,0.3758295515437334,0.351773573417626,-0.7277750571184562,-1.0385392304531442,-2.788766666383668,-0.21496740512990914,-1.3194780974231242,0.024192174486118226,-0.08701270404470078,0.18190724929668026,-0.4537735525918885,-1.123898630225028,0.15777883448590874,-0.3852477340310847,0.7021979860674672,-1.0141435945695292,0.8140699546890137,0.27972811603571957,-1.600059980725841,-0.69067699489052,-0.14638064476661475,0.8762987711497752,-0.456455637682172,0.46175766881095803,0.4769051321419267,0.3297290578466554,-0.019183913376525894,-1.2642385369894436,0.7735776032017356,-1.7844065195913308,-1.6184452804342477,-0.7334030917511519,0.7292142781242011,-0.8946544881571419,-0.30280260885409566,-0.4249148606949549,-0.29757805197972387,0.23255861908155542,0.7842154692478182,-0.5309167864912621,0.24935657745304834,0.32577990895075576,0.36282686141325293,1.7582369141558223,0.3625727898515396,-1.5310513248940987,-1.19367913900004,-0.20407262907037216,0.3810941953230519,-0.8840598413582755,-0.7896445951072378,-1.1299572440885297,-1.7734227519235712,0.7146086813967595,-0.648254417997317,1.698607042272494,0.6142496232834446,-0.19003907982636756
0.3199959295044581,-2.755672425014455,0.9178736172227108,1.489856530031726,-2.140905847000644,-3.455134766663266,-4.090743248019017,-0.6001177167072792,-3.6967736030999454,0.07892242505686295,-0.2789246423453448,0.5389977769697671,-1.0268956283799755,-2.582046799284793,0.3465006651839127,-0.9701087308130824,3.9108231577487054,-1.9972511249364682,3.5584082978574347,0.8849279528316665,-4.197616911209249,-1.3657592403959558,-0.4381872580141499,2.503103103978762,-1.2875905158028507,1.3155624120756881,1.264882472809348,0.9511624511696528,-0.05682455238965615,-2.4172792171194994,3.0308738643416238,-2.8675043628718004,-2.7904910282207505,-1.4603213804370048,1.6728736565148306,-2.727768257481645,-0.9047428543590208,-0.5156439645672076,-1.054647651301724,0.8667890921322046,4.189182081146661,-1.014112441764082,0.5104271248812767,1.0216650012686441,1.283384962737661,12.489030226319409,0.7495109464422278,-2.737667915213464,-1.6320203660129038,-0.5058024165010572,1.323833777485508,-1.6755558606694998,-1.0039624655087422,-2.7671229227253193,-4.108443050707031,1.8145376229765031,-1.359422008434924,7.022125690909078,1.8583018313937727,-0.549209456873469
0.8516978912876998,-0.34816786287732204,1.2330510099851257,1.1522405490937766,0.09210783752487028,-0.22966513324572668,-0.8410616817887674,0.1657979787182251,-0.5275088642322003,0.7232955132764867,0.5011308282853275,0.816324530341294,-0.2997958276135061,-0.636985693255399,0.8253036912044431,0.05220515926736846,3.1420643734434375,-0.649328212888681,3.21820537035443,1.0845577497168226,-0.7740526901579275,-0.925418250956491,-0.04362180912011904,3.747286071135445,-0.32014239934485056,2.4249156852978246,1.9757158229583398,1.1995392677663572,0.437708250046998,-0.5478164733621416,1.896438560679501,-0.7726774730469909,-0.7054574709811838,-0.17579719088260226,2.242379947488374,-0.02055286654317867,0.2636504259740353,0.04856581352088951,0.3542819837129665,0.9627109611762916,2.3691017962254404,-0.06420392003593345,0.7265382038080255,0.8485077676588688,0.6869570279754784,2.7028160497839564,0.7289426932479779,-0.20904748934880957,-0.5139170684216751,0.3433612869266176,0.7928069663949437,-0.1150110212432538,-0.6026123795895912,-0.24016154514880683,-0.6651126370055478,2.6616070532469287,-0.23337807065786798,4.338159399810656,1.1306093240173047,0.11304722958533464
y,AAP,0.5184991483780452,2008-01-02,2013-01-02
-0.4537735525918885,-1.123898630225028,0.15777883448590874,-0.3852477340310847,0.7021979860674672,-1.0141435945695292,0.8140699546890137,0.27972811603571957,-1.600059980725841,-0.69067699489052,-0.14638064476661475,0.8762987711497752,-0.456455637682172,0.46175766881095803,0.4769051321419267,0.3297290578466554,-0.019183913376525894,-1.2642385369894436,0.7735776032017356,-1.7844065195913308,-1.6184452804342477,-0.7334030917511519,0.7292142781242011,-0.8946544881571419,-0.30280260885409566,-0.4249148606949549,-0.29757805197972387,0.23255861908155542,0.7842154692478182,-0.5309167864912621,0.24935657745304834,0.32577990895075576,0.36282686141325293,1.7582369141558223,0.3625727898515396,-1.5310513248940987,-1.19367913900004,-0.20407262907037216,0.3810941953230519,-0.8840598413582755,-0.7896445951072378,-1.1299572440885297,-1.7734227519235712,0.7146086813967595,-0.648254417997317,1.698607042272494,0.6142496232834446,-0.19003907982636756,1.9792161773136183,1.42725427533049,0.1472044049677543,0.3621779654857746,-1.075395852331375,-0.6708481519828324,-0.26710851580316536,0.6617190413107014,-0.9023574446825424,1.060921933036199,-1.4009288532400133,-0.6821952962844923
-1.0268956283799755,-2.582046799284793,0.3465006651839127,-0.9701087308130824,3.9108231577487054,-1.9972511249364682,3.5584082978574347,0.8849279528316665,-4.197616911209249,-1.3657592403959558,-0.4381872580141499,2.503103103978762,-1.2875905158028507,1.3155624120756881,1.264882472809348,0.9511624511696528,-0.05682455238965615,-2.4172792171194994,3.0308738643416238,-2.8675043628718004,-2.7904910282207505,-1.4603213804370048,1.6728736565148306,-2.727768257481645,-0.9047428543590208,-0.5156439645672076,-1.054647651301724,0.8667890921322046,4.189182081146661,-1.014112441764082,0.5104271248812767,1.0216650012686441,1.283384962737661,12.489030226319409,0.7495109464422278,-2.737667915213464,-1.6320203660129038,-0.5058024165010572,1.323833777485508,-1.6755558606694998,-1.0039624655087422,-2.7671229227253193,-4.108443050707031,1.8145376229765031,-1.359422008434924,7.022125690909078,1.8583018313937727,-0.549209456873469,8.59064214917684,18.381457097644294,0.3138007452022879,0.8485449993261805,-1.2715530968711073,-1.6559516341993752,-0.5479175663827317,1.2341732101959746,-1.8837164679492118,5.0695789434030445,-1.9727836261284866,-1.345877523408086
-0.2997958276135061,-0.636985693255399,0.8253036912044431,0.05220515926736846,3.1420643734434375,-0.649328212888681,3.21820537035443,1.0845577497168226,-0.7740526901579275,-0.925418250956491,-0.04362180912011904,3.747286071135445,-0.32014239934485056,2.4249156852978246,1.9757158229583398,1.1995392677663572,0.437708250046998,-0.5478164733621416,1.896438560679501,-0.7726774730469909,-0.7054574709811838,-0.17579719088260226,2.242379947488374,-0.02055286654317867,0.2636504259740353,0.04856581352088951,0.3542819837129665,0.9627109611762916,2.3691017962254404,-0.06420392003593345,0.7265382038080255,0.8485077676588688,0.6869570279754784,2.7028160497839564,0.7289426932479779,-0.20904748934880957,-0.5139170684216751,0.3433612869266176,0.7928069663949437,-0.1150110212432538,-0.6026123795895912,-0.24016154514880683,-0.6651126370055478,2.6616070532469287,-0.23337807065786798,4.338159399810656,1.1306093240173047,0.11304722958533464,2.2001629005173724,4.031849583599617,0.3667618854398389,0.5661773281880791,-0.9536060967742989,-0.41518054197389476,-0.08848254616152085,0.9709632798539158,-0.252452244557137,5.154736705166616,-0.662190835106036,-0.09544244935307866
y,AAP,0.44780568666420106,2009-01-02,2014-01-02
-0.456455637682172,0.46175766881095803,0.4769051321419267,0.3297290578466554,-0.019183913376525894,-1.2642385369894436,0.7735776032017356,-1.7844065195913308,-1.6184452804342477,-0.7334030917511519,0.7292142781242011,-0.8946544881571419,-0.30280260885409566,-0.4249148606949549,-0.29757805197972387,0.23255861908155542,0.7842154692478182,-0.5309167864912621,0.24935657745304834,0.32577990895075576,0.36282686141325293,1.7582369141558223,0.3625727898515396,-1.5310513248940987,-1.19367913900004,-0.20407262907037216,0.3810941953230519,-0.8840598413582755,-0.7896445951072378,-1.1299572440885297,-1.7734227519235712,0.7146086813967595,-0.648254417997317,1.698607042272494,0.6142496232834446,-0.19003907982636756,1.9792161773136183,1.42725427533049,0.1472044049677543,0.3621779654857746,-1.075395852331375,-0.6708481519828324,-0.26710851580316536,0.6617190413107014,-0.9023574446825424,1.060921933036199,-1.4009288532400133,-0.6821952962844923,-0.06746162916686528,0.522841802329233,1.3020648248412472,0.0595771298510474,-1.3018306017339687,-0.6291911043054493,-0.033867395099675394,-1.222809664479848,0.2094717262648655,1.2050270746422507,0.18352450538389456,0.5009546143635898
-1.2875905158028507,1.3155624120756881,1.264882472809348,0.9511624511696528,-0.05682455238965615,-2.4172792171194994,3.0308738643416238,-2.8675043628718004,-2.7904910282207505,-1.4603213804370048,1.6728736565148306,-2.727768257481645,-0.9047428543590208,-0.5156439645672076,-1.054647651301724,0.8667890921322046,4.189182081146661,-1.014112441764082,0.5104271248812767,1.0216650012686441,1.283384962737661,12.489030226319409,0.7495109464422278,-2.737667915213464,-1.6320203660129038,-0.5058024165010572,1.323833777485508,-1.6755558606694998,-1.0039624655087422,-2.7671229227253193,-4.108443050707031,1.8145376229765031,-1.359422008434924,7.022125690909078,1.8583018313937727,-0.549209456873469,8.59064214917684,18.381457097644294,0.3138007452022879,0.8485449993261805,-1.2715530968711073,-1.6559516341993752,-0.5479175663827317,1.2341732101959746,-1.8837164679492118,5.0695789434030445,-1.9727836261284866,-1.345877523408086,-0.14834206978982187,2.571020243117471,4.281859193933161,0.17737237745487744,-2.4827808377203544,-1.4361741115473672,-0.08168412265220142,-3.2030349876084863,0.7548178115756538,11.845183011051404,0.6006639716879473,1.760600297279587
-0.32014239934485056,2.4249156852978246,1.9757158229583398,1.1995392677663572,0.437708250046998,-0.5478164733621416,1.896438560679501,-0.7726774730469909,-0.7054574709811838,-0.17579719088260226,2.242379947488374,-0.02055286654317867,0.2636504259740353,0.04856581352088951,0.3542819837129665,0.9627109611762916,2.3691017962254404,-0.06420392003593345,0.7265382038080255,0.8485077676588688,0.6869570279754784,2.7028160497839564,0.7289426932479779,-0.20904748934880957,-0.5139170684216751,0.3433612869266176,0.7928069663949437,-0.1150110212432538,-0.6026123795895912,-0.24016154514880683,-0.6651126370055478,2.6616070532469287,-0.23337807065786798,4.338159399810656,1.1306093240173047,0.11304722958533464,2.2001629005173724,4.031849583599617,0.3667618854398389,0.5661773281880791,-0.9536060967742989,-0.41518054197389476,-0.08848254616152085,0.9709632798539158,-0.252452244557137,5.154736705166616,-0.662190835106036,-0.09544244935307866,0.20761986801843846,1.0689515557416343,1.3766656848180663,0.2917379757168246,-0.3530995112312414,-0.14067454444888283,0.3307578911886031,-0.38735864348274684,0.5449811047328081,8.382456661724875,0.5550531173773994,1.1119651820409633
y,AAP,-0.03842588465373975,2010-01-02,2015-01-02
-0.30280260885409566,-0.4249148606949549,-0.29757805197972387,0.23255861908155542,0.7842154692478182,-0.5309167864912621,0.24935657745304834,0.32577990895075576,0.36282686141325293,1.7582369141558223,0.3625727898515396,-1.5310513248940987,-1.19367913900004,-0.20407262907037216,0.3810941953230519,-0.8840598413582755,-0.7896445951072378,-1.1299572440885297,-1.7734227519235712,0.7146086813967595,-0.648254417997317,1.698607042272494,0.6142496232834446,-0.19003907982636756,1.9792161773136183,1.42725427533049,0.1472044049677543,0.3621779654857746,-1.075395852331375,-0.6708481519828324,-0.26710851580316536,0.6617190413107014,-0.9023574446825424,1.060921933036199,-1.4009288532400133,-0.6821952962844923,-0.06746162916686528,0.522841802329233,1.3020648248412472,0.0595771298510474,-1.3018306017339687,-0.6291911043054493,-0.033867395099675394,-1.222809664479848,0.2094717262648655,1.2050270746422507,0.18352450538389456,0.5009546143635898,0.3054828538522074,1.0866030454608522,-0.5532256001153537,-0.9339120307467208,-0.05154589740838511,1.0864865045859884,-1.998473928805178,1.13997948893536,-1.3554696335658647,1.2436343458191235,-0.36049158500068795,0.8448305618360031
-0.9047428543590208,-0.5156439645672076,-1.054647651301724,0.8667890921322046,4.189182081146661,-1.014112441764082,0.5104271248812767,1.0216650012686441,1.283384962737661,12.489030226319409,0.7495109464422278,-2.737667915213464,-1.6320203660129038,-0.5058024165010572,1.323833777485508,-1.6755558606694998,-1.0039624655087422,-2.7671229227253193,-4.108443050707031,1.8145376229765031,-1.359422008434924,7.022125690909078,1.8583018313937727,-0.549209456873469,8.59064214917684,18.381457097644294,0.3138007452022879,0.8485449993261805,-1.2715530968711073,-1.6559516341993752,-0.5479175663827317,1.2341732101959746,-1.8837164679492118,5.0695789434030445,-1.9727836261284866,-1.345877523408086,-0.14834206978982187,2.571020243117471,4.281859193933161,0.17737237745487744,-2.4827808377203544,-1.4361741115473672,-0.08168412265220142,-3.2030349876084863,0.7548178115756538,11.845183011051404,0.6006639716879473,1.760600297279587,0.9130236091744769,13.534051239805859,-1.410522386184768,-1.8876494952744598,-0.1244394040065868,3.9864886076943176,-3.554849681876967,5.922456780746094,-3.187346059050964,4.422073721819712,-0.589970835676169,2.1437645199753135
0.2636504259740353,0.04856581352088951,0.3542819837129665,0.9627109611762916,2.3691017962254404,-0.06420392003593345,0.7265382038080255,0.8485077676588688,0.6869570279754784,2.7028160497839564,0.7289426932479779,-0.20904748934880957,-0.5139170684216751,0.3433612869266176,0.7928069663949437,-0.1150110212432538,-0.6026123795895912,-0.24016154514880683,-0.6651126370055478,2.6616070532469287,-0.23337807065786798,4.338159399810656,1.1306093240173047,0.11304722958533464,2.2001629005173724,4.031849583599617,0.3667618854398389,0.5661773281880791,-0.9536060967742989,-0.41518054197389476,-0.08848254616152085,0.9709632798539158,-0.252452244557137,5.154736705166616,-0.662190835106036,-0.09544244935307866,0.20761986801843846,1.0689515557416343,1.3766656848180663,0.2917379757168246,-0.3530995112312414,-0.14067454444888283,0.3307578911886031,-0.38735864348274684,0.5449811047328081,8.382456661724875,0.5550531173773994,1.1119651820409633,0.7025698415401451,5.589402838769836,0.061418030597042206,-0.39744141243663156,0.30491362644214703,1.5263041482665303,-0.7043238429692885,2.484139645211682,-0.3534281610888317,2.250006241941213,0.060966572738222036,1.1778249548546738
y,AAP,0.11265370520101992,2011-01-02,2016-01-02
-1.19367913900004,-0.20407262907037216,0.3810941953230519,-0.8840598413582755,-0.7896445951072378,-1.1299572440885297,-1.7734227519235712,0.7146086813967595,-0.648254417997317,1.698607042272494,0.6142496232834446,-0.19003907982636756,1.9792161773136183,1.42725427533049,0.1472044049677543,0.3621779654857746,-1.075395852331375,-0.6708481519828324,-0.26710851580316536,0.6617190413107014,-0.9023574446825424,1.060921933036199,-1.4009288532400133,-0.6821952962844923,-0.06746162916686528,0.522841802329233,1.3020648248412472,0.0595771298510474,-1.3018306017339687,-0.6291911043054493,-0.033867395099675394,-1.222809664479848,0.2094717262648655,1.2050270746422507,0.18352450538389456,0.5009546143635898,0.3054828538522074,1.0866030454608522,-0.5532256001153537,-0.9339120307467208,-0.05154589740838511,1.0864865045859884,-1.998473928805178,1.13997948893536,-1.3554696335658647,1.2436343458191235,-0.36049158500068795,0.8448305618360031,-0.5061790471852908,-0.31829001473367324,-1.2825596233088616,-0.16901879551175739,0.6821684898266243,0.381395608823518,1.0248865083669811,-0.12111850446872253,0.6308608389955981,0.5703632204628808,-1.2674456755291508,-0.6804023408983801
-1.6320203660129038,-0.5058024165010572,1.323833777485508,-1.6755558606694998,-1.0039624655087422,-2.7671229227253193,-4.108443050707031,1.8145376229765031,-1.359422008434924,7.022125690909078,1.8583018313937727,-0.549209456873469,8.59064214917684,18.381457097644294,0.3138007452022879,0.8485449993261805,-1.2715530968711073,-1.6559516341993752,-0.5479175663827317,1.2341732101959746,-1.8837164679492118,5.0695789434030445,-1.9727836261284866,-1.345877523408086,-0.14834206978982187,2.571020243117471,4.281859193933161,0.17737237745487744,-2.4827808377203544,-1.4361741115473672,-0.08168412265220142,-3.2030349876084863,0.7548178115756538,11.845183011051404,0.6006639716879473,1.760600297279587,0.9130236091744769,13.534051239805859,-1.410522386184768,-1.8876494952744598,-0.1244394040065868,3.9864886076943176,-3.554849681876967,5.922456780746094,-3.187346059050964,4.422073721819712,-0.589970835676169,2.1437645199753135,-1.055833276558497,-0.4000874462063922,-2.413471790045205,-0.2963160295845577,2.7425477567285177,0.638070258081337,2.691916689425644,-0.3931658951761372,2.00960953627206,1.1833243710191625,-1.3459302516844927,-1.5313904550967306
-0.5139170684216751,0.3433612869266176,0.7928069663949437,-0.1150110212432538,-0.6026123795895912,-0.24016154514880683,-0.6651126370055478,2.6616070532469287,-0.23337807065786798,4.338159399810656,1.1306093240173047,0.11304722958533464,2.2001629005173724,4.031849583599617,0.3667618854398389,0.5661773281880791,-0.9536060967742989,-0.41518054197389476,-0.08848254616152085,0.9709632798539158,-0.252452244557137,5.154736705166616,-0.662190835106036,-0.09544244935307866,0.20761986801843846,1.0689515557416343,1.3766656848180663,0.2917379757168246,-0.3530995112312414,-0.14067454444888283,0.3307578911886031,-0.38735864348274684,0.5449811047328081,8.382456661724875,0.5550531173773994,1.1119651820409633,0.7025698415401451,5.589402838769836,0.061418030597042206,-0.39744141243663156,0.30491362644214703,1.5263041482665303,-0.7043238429692885,2.484139645211682,-0.3534281610888317,2.250006241941213,0.060966572738222036,1.1778249548546738,-0.17637749714883222,-0.09584317273039833,-0.571190109459855,0.1212717254818434,1.1740695431253219,0.6860629799423159,1.3353460958910408,0.10209212603318041,1.9916126812858006,0.686038107780349,-0.9448901500846317,-0.4300832439507519
y,AAP,-0.37701529619884366,2012-01-02,2017-01-02
1.9792161773136183,1.42725427533049,0.1472044049677543,0.3621779654857746,-1.075395852331375,-0.6708481519828324,-0.26710851580316536,0.6617190413107014,-0.9023574446825424,1.060921933036199,-1.4009288532400133,-0.6821952962844923,-0.06746162916686528,0.522841802329233,1.3020648248412472,0.0595771298510474,-1.3018306017339687,-0.6291911043054493,-0.033867395099675394,-1.222809664479848,0.2094717262648655,1.2050270746422507,0.18352450538389456,0.5009546143635898,0.3054828538522074,1.0866030454608522,-0.5532256001153537,-0.9339120307467208,-0.05154589740838511,1.0864865045859884,-1.998473928805178,1.13997948893536,-1.3554696335658647,1.2436343458191235,-0.36049158500068795,0.8448305618360031,-0.5061790471852908,-0.31829001473367324,-1.2825596233088616,-0.16901879551175739,0.6821684898266243,0.381395608823518,1.0248865083669811,-0.12111850446872253,0.6308608389955981,0.5703632204628808,-1.2674456755291508,-0.6804023408983801,-0.2599353930543709,-0.18989539470307837,0.6978963242933761,-0.8107512080266248,-0.4335090123989385,1.1788372084987986,0.38280310318455246,-1.017179955675701,-1.2121304845616274,-1.4557512866582523,1.4526782302745065,-0.6808019445046862
8.59064214917684,18.381457097644294,0.3138007452022879,0.8485449993261805,-1.2715530968711073,-1.6559516341993752,-0.5479175663827317,1.2341732101959746,-1.8837164679492118,5.0695789434030445,-1.9727836261284866,-1.345877523408086,-0.14834206978982187,2.571020243117471,4.281859193933161,0.17737237745487744,-2.4827808377203544,-1.4361741115473672,-0.08168412265220142,-3.2030349876084863,0.7548178115756538,11.845183011051404,0.6006639716879473,1.760600297279587,0.9130236091744769,13.534051239805859,-1.410522386184768,-1.8876494952744598,-0.1244394040065868,3.9864886076943176,-3.554849681876967,5.922456780746094,-3.187346059050964,4.422073721819712,-0.589970835676169,2.1437645199753135,-1.055833276558497,-0.4000874462063922,-2.413471790045205,-0.2963160295845577,2.7425477567285177,0.638070258081337,2.691916689425644,-0.3931658951761372,2.00960953627206,1.1833243710191625,-1.3459302516844927,-1.5313904550967306,-0.6777502381088243,-0.42027065460915725,1.851471072729342,-1.531890969234944,-0.7284503786981481,3.1493750577411936,1.5630920638779056,-1.4689415678201116,-2.4842479067766794,-2.1145945117286176,8.146217406799227,-1.6533632752857186
2.2001629005173724,4.031849583599617,0.3667618854398389,0.5661773281880791,-0.9536060967742989,-0.41518054197389476,-0.08848254616152085,0.9709632798539158,-0.252452244557137,5.154736705166616,-0.662190835106036,-0.09544244935307866,0.20761986801843846,1.0689515557416343,1.3766656848180663,0.2917379757168246,-0.3530995112312414,-0.14067454444888283,0.3307578911886031,-0.38735864348274684,0.5449811047328081,8.382456661724875,0.5550531173773994,1.1119651820409633,0.7025698415401451,5.589402838769836,0.061418030597042206,-0.39744141243663156,0.30491362644214703,1.5263041482665303,-0.7043238429692885,2.484139645211682,-0.3534281610888317,2.250006241941213,0.060966572738222036,1.1778249548546738,-0.17637749714883222,-0.09584317273039833,-0.571190109459855,0.1212717254818434,1.1740695431253219,0.6860629799423159,1.3353460958910408,0.10209212603318041,1.9916126812858006,0.686038107780349,-0.9448901500846317,-0.4300832439507519,-0.029018395059756785,0.026019264788805563,0.8710971570229555,-0.25302748115190143,-0.22397942524408443,1.5660900148131378,0.47647974895794865,-0.4416354097103151,-0.5243562664558357,-0.5169496046809277,11.637978241648764,-0.06463684244516255
y,AAP,0.49147348452700945,2013-01-02,2018-01-02
-0.06746162916686528,0.522841802329233,1.3020648248412472,0.0595771298510474,-1.3018306017339687,-0.6291911043054493,-0.033867395099675394,-1.222809664479848,0.2094717262648655,1.2050270746422507,0.18352450538389456,0.5009546143635898,0.3054828538522074,1.0866030454608522,-0.5532256001153537,-0.9339120307467208,-0.05154589740838511,1.0864865045859884,-1.998473928805178,1.13997948893536,-1.3554696335658647,1.2436343458191235,-0.36049158500068795,0.8448305618360031,-0.5061790471852908,-0.31829001473367324,-1.2825596233088616,-0.16901879551175739,0.6821684898266243,0.381395608823518,1.0248865083669811,-0.12111850446872253,0.6308608389955981,0.5703632204628808,-1.2674456755291508,-0.6804023408983801,-0.2599353930543709,-0.18989539470307837,0.6978963242933761,-0.8107512080266248,-0.4335090123989385,1.1788372084987986,0.38280310318455246,-1.017179955675701,-1.2121304845616274,-1.4557512866582523,1.4526782302745065,-0.6808019445046862,-1.4978216249050418,-1.2679505330934349,-2.224926463956005,-0.8875700552937678,-0.5793565517464754,-1.9289462105628625,-0.38043456700137673,-0.6048440342832885,0.07595416376803735,-2.2304974752232463,1.0909928663128203,-0.03470754034892647
-0.14834206978982187,2.571020243117471,4.281859193933161,0.17737237745487744,-2.4827808377203544,-1.4361741115473672,-0.08168412265220142,-3.2030349876084863,0.7548178115756538,11.845183011051404,0.6006639716879473,1.760600297279587,0.9130236091744769,13.534051239805859,-1.410522386184768,-1.8876494952744598,-0.1244394040065868,3.9864886076943176,-3.554849681876967,5.922456780746094,-3.187346059050964,4.422073721819712,-0.589970835676169,2.1437645199753135,-1.055833276558497,-0.4000874462063922,-2.413471790045205,-0.2963160295845577,2.7425477567285177,0.638070258081337,2.691916689425644,-0.3931658951761372,2.00960953627206,1.1833243710191625,-1.3459302516844927,-1.5313904550967306,-0.6777502381088243,-0.42027065460915725,1.851471072729342,-1.531890969234944,-0.7284503786981481,3.1493750577411936,1.5630920638779056,-1.4689415678201116,-2.4842479067766794,-2.1145945117286176,8.146217406799227,-1.6533632752857186,-2.681054127198269,-2.8564644405083834,-5.312453173615183,-2.111495857749025,-0.8845617820056703,-3.0171921904996606,-0.48419551072552647,-0.6812345495271925,0.15168128298273872,-3.3089814492563274,5.411679503075388,-0.08694730066700716
0.20761986801843846,1.0689515557416343,1.3766656848180663,0.2917379757168246,-0.3530995112312414,-0.14067454444888283,0.3307578911886031,-0.38735864348274684,0.5449811047328081,8.382456661724875,0.5550531173773994,1.1119651820409633,0.7025698415401451,5.589402838769836,0.061418030597042206,-0.39744141243663156,0.30491362644214703,1.5263041482665303,-0.7043238429692885,2.484139645211682,-0.3534281610888317,2.250006241941213,0.060966572738222036,1.1778249548546738,-0.17637749714883222,-0.09584317273039833,-0.571190109459855,0.1212717254818434,1.1740695431253219,0.6860629799423159,1.3353460958910408,0.10209212603318041,1.9916126812858006,0.686038107780349,-0.9448901500846317,-0.4300832439507519,-0.029018395059756785,0.026019264788805563,0.8710971570229555,-0.25302748115190143,-0.22397942524408443,1.5660900148131378,0.47647974895794865,-0.4416354097103151,-0.5243562664558357,-0.5169496046809277,11.637978241648764,-0.06463684244516255,-0.4427493265035086,-0.33397375770154625,-0.5020135520567022,-0.22071896435579363,-0.3292080600127103,-0.8685349892832124,-0.32812709338447477,-0.8386432369017243,0.39698849193770935,-0.9004579730685438,9.743210282832385,0.27040640844455455
y,AAP,0.010984160436572576,2014-01-02,2019-01-02
0.3054828538522074,1.0866030454608522,-0.5532256001153537,-0.9339120307467208,-0.05154589740838511,1.0864865045859884,-1.998473928805178,1.13997948893536,-1.3554696335658647,1.2436343458191235,-0.36049158500068795,0.8448305618360031,-0.5061790471852908,-0.31829001473367324,-1.2825596233088616,-0.16901879551175739,0.6821684898266243,0.381395608823518,1.0248865083669811,-0.12111850446872253,0.6308608389955981,0.5703632204628808,-1.2674456755291508,-0.6804023408983801,-0.2599353930543709,-0.18989539470307837,0.6978963242933761,-0.8107512080266248,-0.4335090123989385,1.1788372084987986,0.38280310318455246,-1.017179955675701,-1.2121304845616274,-1.4557512866582523,1.4526782302745065,-0.6808019445046862,-1.4978216249050418,-1.2679505330934349,-2.224926463956005,-0.8875700552937678,-0.5793565517464754,-1.9289462105628625,-0.38043456700137673,-0.6048440342832885,0.07595416376803735,-2.2304974752232463,1.0909928663128203,-0.03470754034892647,0.5936806141757676,-0.07049310586070436,-0.6852327819002535,0.06870522578035215,0.873424176598985,0.187747712725096,0.5462826571026413,1.4551621921654558,-0.8857855878301966,-0.5250619781696919,0.3783973613108096,-1.7674684718090274
0.9130236091744769,13.534051239805859,-1.410522386184768,-1.8876494952744598,-0.1244394040065868,3.9864886076943176,-3.554849681876967,5.922456780746094,-3.187346059050964,4.422073721819712,-0.589970835676169,2.1437645199753135,-1.055833276558497,-0.4000874462063922,-2.413471790045205,-0.2963160295845577,2.7425477567285177,0.638070258081337,2.691916689425644,-0.3931658951761372,2.00960953627206,1.1833243710191625,-1.3459302516844927,-1.5313904550967306,-0.6777502381088243,-0.42027065460915725,1.851471072729342,-1.531890969234944,-0.7284503786981481,3.1493750577411936,1.5630920638779056,-1.4689415678201116,-2.4842479067766794,-2.1145945117286176,8.146217406799227,-1.6533632752857186,-2.681054127198269,-2.8564644405083834,-5.312453173615183,-2.111495857749025,-0.8845617820056703,-3.0171921904996606,-0.48419551072552647,-0.6812345495271925,0.15168128298273872,-3.3089814492563274,5.411679503075388,-0.08694730066700716,1.5173787978408397,-0.1981722053961349,-1.185897384971752,0.15223618317389967,2.6587405142422216,0.5047249830393568,1.1615425140971416,13.957635081647682,-2.4443008380032603,-1.0314986112350983,1.1209479401638653,-2.9080333747476703
0.7025698415401451,5.589402838769836,0.061418030597042206,-0.39744141243663156,0.30491362644214703,1.5263041482665303,-0.7043238429692885,2.484139645211682,-0.3534281610888317,2.250006241941213,0.060966572738222036,1.1778249548546738,-0.17637749714883222,-0.09584317273039833,-0.571190109459855,0.1212717254818434,1.1740695431253219,0.6860629799423159,1.3353460958910408,0.10209212603318041,1.9916126812858006,0.686038107780349,-0.9448901500846317,-0.4300832439507519,-0.029018395059756785,0.026019264788805563,0.8710971570229555,-0.25302748115190143,-0.22397942524408443,1.5660900148131378,0.47647974895794865,-0.4416354097103151,-0.5243562664558357,-0.5169496046809277,11.637978241648764,-0.06463684244516255,-0.4427493265035086,-0.33397375770154625,-0.5020135520567022,-0.22071896435579363,-0.3292080600127103,-0.8685349892832124,-0.32812709338447477,-0.8386432369017243,0.39698849193770935,-0.9004579730685438,9.743210282832385,0.27040640844455455,1.3164417960921297,0.27475303896758096,-0.3441301823174011,0.5285937530851503,2.324311089732369,0.5621847368130195,1.0666219073234982,3.9292107369181455,-0.0708888651715518,-0.21362156435192892,1.4681703886211128,-0.7530245105626607
y,ABBV,0.12907783793882088,2011-01-02,2016-01-02
0,0,0,0,0,0,0,0,0,0,0,0,0,0,0,0,0,0,0,0,0,0,0,0,0.681439114034584,-0.07591036240277414,0.7999498983650328,0.748823628033751,-0.5548013123637416,-0.5425231469392566,0.9871632390913272,-1.6986589789384279,0.7554137920077949,0.6514180794273579,-0.7212103109280066,0.6685265922234791,-1.0700836289138302,1.1882227644119097,0.5537999192952102,-0.5394476309366948,0.6601561262431335,0.8176774460037469,-1.7627533774330166,0.23689120104946854,0.06266540612115451,0.9762219520101609,1.2319303314275225,-0.9277944996538726,-1.0011422552295601,-0.21686917812786288,-0.846797515881031,1.9033489032888893,0.21953939238404516,0.0027981652728337175,0.18607101603166862,-1.6012522366839397,-1.07864515461055,0.6796730274321006,-1.6567399441754105,0.04973850610601179
0,0,0,0,0,0,0,0,0,0,0,0,0,0,0,0,0,0,0,0,0,0,0,0,2.663607280657418,-0.19786998415865095,2.701081832856301,1.6315420549636128,-1.0345479861594356,-0.9792901291690511,4.4883637403783085,-2.8300826449142065,3.096105974649295,1.6051123760271055,-1.7103817105232442,1.454006289043236,-1.9446673762028333,3.951940676388442,1.0267438212290538,-0.9691865086187229,2.7925014051540757,2.258251455187798,-3.404564126520108,0.6872929224641178,0.22457689986286894,6.177974389934987,4.013260546389428,-1.8113388768996765,-2.1218177042912836,-0.2961669711372819,-1.485604405697333,8.23816350721647,0.6184782094663073,0.003934069795169483,0.32911843850454975,-3.0411703984810905,-1.9403707028830302,1.2614307339135002,-3.619846563648109,0.12529886440671273
0,0,0,0,0,0,0,0,0,0,0,0,0,0,0,0,0,0,0,0,0,0,0,0,1.2502203016559625,0.20219336145696531,1.0906439117175681,1.8736575721660755,-0.29773202015900935,-0.2791101015053741,1.5739358143114055,-0.5163940752445642,1.5205993556227368,1.3472190325785678,-0.08857125220209072,1.3238255373419663,-0.4215932997426677,1.5744697891448216,1.0973894324566698,-0.32619208425598845,0.9437656436642339,1.3615317908806852,-0.6709823919250734,0.47273913835172454,0.4172083829164668,3.1408876475032708,2.0249872621296143,-0.4453425896375891,-0.5846075888171507,-0.050366340642988616,-0.49956073837818904,3.8037853646114845,0.41651129054695835,0.3326445129278497,0.48291404347401556,-0.7939878498000894,-0.659192149070317,3.9767499887435047,-0.6798299045790859,0.35833229158852764
y,ABBV,0.6349186470960195,2012-01-02,2017-01-02
0,0,0,0,0,0,0,0,0,0,0,0,0.681439114034584,-0.07591036240277414,0.7999498983650328,0.748823628033751,-0.5548013123637416,-0.5425231469392566,0.9871632390913272,-1.6986589789384279,0.7554137920077949,0.6514180794273579,-0.7212103109280066,0.6685265922234791,-1.0700836289138302,1.1882227644119097,0.5537999192952102,-0.5394476309366948,0.6601561262431335,0.8176774460037469,-1.7627533774330166,0.23689120104946854,0.06266540612115451,0.9762219520101609,1.2319303314275225,-0.9277944996538726,-1.0011422552295601,-0.21686917812786288,-0.846797515881031,1.9033489032888893,0.21953939238404516,0.0027981652728337175,0.18607101603166862,-1.6012522366839397,-1.07864515461055,0.6796730274321006,-1.6567399441754105,0.04973850610601179,-0.5554037992132748,0.13342259972818601,0.16955618144261764,0.6586281141810244,0.5822603241942427,-0.7027865957799676,1.661884358830729,-1.8833552239772824,-0.7255799435880711,-1.3064390917245534,0.2257417796249441,0.6095720387294877
0,0,0,0,0,0,0,0,0,0,0,0,2.663607280657418,-0.19786998415865095,2.701081832856301,1.6315420549636128,-1.0345479861594356,-0.9792901291690511,4.4883637403783085,-2.8300826449142065,3.096105974649295,1.6051123760271055,-1.7103817105232442,1.454006289043236,-1.9446673762028333,3.951940676388442,1.0267438212290538,-0.9691865086187229,2.7925014051540757,2.258251455187798,-3.404564126520108,0.6872929224641178,0.22457689986286894,6.177974389934987,4.013260546389428,-1.8113388768996765,-2.1218177042912836,-0.2961669711372819,-1.485604405697333,8.23816350721647,0.6184782094663073,0.003934069795169483,0.32911843850454975,-3.0411703984810905,-1.9403707028830302,1.2614307339135002,-3.619846563648109,0.12529886440671273,-1.1819141260023343,0.22785982672982275,0.39185558256355985,2.2506743060601644,1.247484344049278,-1.4969913717034329,4.720220241817594,-2.97533577226713,-1.5889720587202645,-1.7200944993689,0.7401380531492694,1.143287813366868
0,0,0,0,0,0,0,0,0,0,0,0,1.2502203016559625,0.20219336145696531,1.0906439117175681,1.8736575721660755,-0.29773202015900935,-0.2791101015053741,1.5739358143114055,-0.5163940752445642,1.5205993556227368,1.3472190325785678,-0.08857125220209072,1.3238255373419663,-0.4215932997426677,1.5744697891448216,1.0973894324566698,-0.32619208425598845,0.9437656436642339,1.3615317908806852,-0.6709823919250734,0.47273913835172454,0.4172083829164668,3.1408876475032708,2.0249872621296143,-0.4453425896375891,-0.5846075888171507,-0.050366340642988616,-0.49956073837818904,3.8037853646114845,0.41651129054695835,0.3326445129278497,0.48291404347401556,-0.7939878498000894,-0.659192149070317,3.9767499887435047,-0.6798299045790859,0.35833229158852764,-0.4780925981959083,0.49489741903963314,0.43093266208928194,0.7621746455058871,0.9737845765570119,-0.364611786469342,1.7000072761560645,-0.38054620252622906,-0.1821065648768635,-0.6857272303782975,0.7388415584351768,0.8515806661587217
y,ABBV,-0.057964039238388554,2013-01-02,2018-01-02
0.681439114034584,-0.07591036240277414,0.7999498983650328,0.748823628033751,-0.5548013123637416,-0.5425231469392566,0.9871632390913272,-1.6986589789384279,0.7554137920077949,0.6514180794273579,-0.7212103109280066,0.6685265922234791,-1.0700836289138302,1.1882227644119097,0.5537999192952102,-0.5394476309366948,0.6601561262431335,0.8176774460037469,-1.7627533774330166,0.23689120104946854,0.06266540612115451,0.9762219520101609,1.2319303314275225,-0.9277944996538726,-1.0011422552295601,-0.21686917812786288,-0.846797515881031,1.9033489032888893,0.21953939238404516,0.0027981652728337175,0.18607101603166862,-1.6012522366839397,-1.07864515461055,0.6796730274321006,-1.6567399441754105,0.04973850610601179,-0.5554037992132748,0.13342259972818601,0.16955618144261764,0.6586281141810244,0.5822603241942427,-0.7027865957799676,1.661884358830729,-1.8833552239772824,-0.7255799435880711,-1.3064390917245534,0.2257417796249441,0.6095720387294877,-0.7245844456815649,0.5189373642924526,0.17033259953466975,0.4102116144130383,-0.36344074513374114,1.6429569558649904,-0.8467994655878252,1.1231358443704624,1.8639318798123277,-0.12450562281469922,0.9674067651672044,0.24638256406547812
2.663607280657418,-0.19786998415865095,2.701081832856301,1.6315420549636128,-1.0345479861594356,-0.9792901291690511,4.4883637403783085,-2.8300826449142065,3.096105974649295,1.6051123760271055,-1.7103817105232442,1.454006289043236,-1.9446673762028333,3.951940676388442,1.0267438212290538,-0.9691865086187229,2.7925014051540757,2.258251455187798,-3.404564126520108,0.6872929224641178,0.22457689986286894,6.177974389934987,4.013260546389428,-1.8113388768996765,-2.1218177042912836,-0.2961669711372819,-1.485604405697333,8.23816350721647,0.6184782094663073,0.003934069795169483,0.32911843850454975,-3.0411703984810905,-1.9403707028830302,1.2614307339135002,-3.619846563648109,0.12529886440671273,-1.1819141260023343,0.22785982672982275,0.39185558256355985,2.2506743060601644,1.247484344049278,-1.4969913717034329,4.720220241817594,-2.97533577226713,-1.5889720587202645,-1.7200944993689,0.7401380531492694,1.143287813366868,-1.048156339629787,1.7772055611856252,0.5878316680966449,1.2168738823240983,-0.6085751369222746,10.035090263349518,-2.278078078474219,2.6392104193129864,8.472631548525712,-0.33723441662288706,3.501937982404783,0.7783600527425025
1.2502203016559625,0.20219336145696531,1.0906439117175681,1.8736575721660755,-0.29773202015900935,-0.2791101015053741,1.5739358143114055,-0.5163940752445642,1.5205993556227368,1.3472190325785678,-0.08857125220209072,1.3238255373419663,-0.4215932997426677,1.5744697891448216,1.0973894324566698,-0.32619208425598845,0.9437656436642339,1.3615317908806852,-0.6709823919250734,0.47273913835172454,0.4172083829164668,3.1408876475032708,2.0249872621296143,-0.4453425896375891,-0.5846075888171507,-0.050366340642988616,-0.49956073837818904,3.8037853646114845,0.41651129054695835,0.3326445129278497,0.48291404347401556,-0.7939878498000894,-0.659192149070317,3.9767499887435047,-0.6798299045790859,0.35833229158852764,-0.4780925981959083,0.49489741903963314,0.43093266208928194,0.7621746455058871,0.9737845765570119,-0.364611786469342,1.7000072761560645,-0.38054620252622906,-0.1821065648768635,-0.6857272303782975,0.7388415584351768,0.8515806661587217,-0.1582085437040298,0.6422015238631495,0.41982163023644925,0.5165774877798044,0.11530402814794982,1.5014500234778234,-0.16147338113705645,1.1378142608476725,8.317486745729152,0.17791261509857437,0.9918509926957539,0.4744067866993107
y,ABBV,0.07598963832017747,2014-01-02,2019-01-02
-1.0700836289138302,1.1882227644119097,0.5537999192952102,-0.5394476309366948,0.6601561262431335,0.8176774460037469,-1.7627533774330166,0.23689120104946854,0.06266540612115451,0.9762219520101609,1.2319303314275225,-0.9277944996538726,-1.0011422552295601,-0.21686917812786288,-0.846797515881031,1.9033489032888893,0.21953939238404516,0.0027981652728337175,0.18607101603166862,-1.6012522366839397,-1.07864515461055,0.6796730274321006,-1.6567399441754105,0.04973850610601179,-0.5554037992132748,0.13342259972818601,0.16955618144261764,0.6586281141810244,0.5822603241942427,-0.7027865957799676,1.661884358830729,-1.8833552239772824,-0.7255799435880711,-1.3064390917245534,0.2257417796249441,0.6095720387294877,-0.7245844456815649,0.5189373642924526,0.17033259953466975,0.4102116144130383,-0.36344074513374114,1.6429569558649904,-0.8467994655878252,1.1231358443704624,1.8639318798123277,-0.12450562281469922,0.9674067651672044,0.24638256406547812,1.0031046225079645,-0.29097605320684156,-1.4436601831878348,0.7666251056443105,-0.6877282055600786,-1.8331646241512094,0.03108369839566225,-0.3810784565936607,-0.5718033148243399,-1.6197385586297783,1.8088148121952237,-0.7852925191197055
-1.9446673762028333,3.951940676388442,1.0267438212290538,-0.9691865086187229,2.7925014051540757,2.258251455187798,-3.404564126520108,0.6872929224641178,0.22457689986286894,6.177974389934987,4.013260546389428,-1.8113388768996765,-2.1218177042912836,-0.2961669711372819,-1.485604405697333,8.23816350721647,0.6184782094663073,0.003934069795169483,0.32911843850454975,-3.0411703984810905,-1.9403707028830302,1.2614307339135002,-3.619846563648109,0.12529886440671273,-1.1819141260023343,0.22785982672982275,0.39185558256355985,2.2506743060601644,1.247484344049278,-1.4969913717034329,4.720220241817594,-2.97533577226713,-1.5889720587202645,-1.7200944993689,0.7401380531492694,1.143287813366868,-1.048156339629787,1.7772055611856252,0.5878316680966449,1.2168738823240983,-0.6085751369222746,10.035090263349518,-2.278078078474219,2.6392104193129864,8.472631548525712,-0.33723441662288706,3.501937982404783,0.7783600527425025,3.000634313595591,-0.5056156854972486,-1.7159702424540983,3.0792032326463135,-1.2968555224372842,-3.5863317398679464,0.06105424047941699,-0.7370055904704975,-1.1993321892441748,-3.4527071198358246,10.074439640735745,-1.6548030345101883
-0.4215932997426677,1.5744697891448216,1.0973894324566698,-0.32619208425598845,0.9437656436642339,1.3615317908806852,-0.6709823919250734,0.47273913835172454,0.4172083829164668,3.1408876475032708,2.0249872621296143,-0.4453425896375891,-0.5846075888171507,-0.050366340642988616,-0.49956073837818904,3.8037853646114845,0.41651129054695835,0.3326445129278497,0.48291404347401556,-0.7939878498000894,-0.659192149070317,3.9767499887435047,-0.6798299045790859,0.35833229158852764,-0.4780925981959083,0.49489741903963314,0.43093266208928194,0.7621746455058871,0.9737845765570119,-0.364611786469342,1.7000072761560645,-0.38054620252622906,-0.1821065648768635,-0.6857272303782975,0.7388415584351768,0.8515806661587217,-0.1582085437040298,0.6422015238631495,0.41982163023644925,0.5165774877798044,0.11530402814794982,1.5014500234778234,-0.16147338113705645,1.1378142608476725,8.317486745729152,0.17791261509857437,0.9918509926957539,0.4744067866993107,5.93908718083714,-0.014622069034766927,-0.9329685830477739,2.5158122094074784,-0.24083625186971613,-0.5319055204326618,0.44970772502931955,0.1118727459440998,-0.04166873792876902,-0.845645896185878,6.889290214980922,-0.4349805698229995
y,ABIO,-0.17675933265721855,2000-01-02,2005-01-02
3.288120887948275,1.4910849374452597,-0.9206055865665602,-0.6546115926631924,-0.13113994882405017,1.4511790830376559,-0.8654547584885811,0.7649515974332521,-0.878923164465973,-0.9390149558457533,-1.8615134539591112,0.3653669962719881,-0.1634168557655882,-0.5853030601707384,-0.9843111596332508,1.0639881686237362,-0.14747082955016785,-0.8794806264250434,-0.5024133978707473,-2.6881407348775044,-0.20629626140000382,-0.04525829996636533,-0.08387167382710142,0.039621106943589605,-1.343055436549828,-0.9696242726136024,-1.5298682173685803,-1.0003497092743823,-0.7114739601194382,-0.9488522170697062,-0.04031843002615014,-0.6756714835482025,-0.5599654974753475,-0.5860341300915588,-0.6124332052876629,-1.884874335745111,-0.44762401374678984,-0.8785280721205092,0.4568368958192696,1.7196843045508472,2.4734160245203984,-0.519096130323269,-0.3499057070118635,-0.7507942225371756,0.7483720132738243,0.9935058748348512,1.09981490175843,-0.9906365768577593,1.9243417389068587,-1.1172784290661275,-0.3907900177948907,-1.3271940542442455,-0.005088187648397318,-1.2247384245783217,-1.7726945339005997,0.896778825819241,0.43548553860902484,-1.0063996508574302,1.1395838591137957,-0.9927623484602629
14.475116658236828,2.951665172492186,-1.4109203387872962,-1.1691041544551675,-0.33283973215088053,7.439822828525597,-1.7010781745236492,3.8181169074892614,-2.1358162403012364,-1.8788475201227306,-2.36200811462979,1.0615019653253042,-0.32831962322361313,-1.322715558711572,-2.031532042188655,2.909606213052275,-0.33238070456415586,-2.7485826077621756,-0.7854134515638469,-3.4804904890488317,-0.4836303166711164,-0.11219533966032313,-0.20452051485593284,0.06296142731683817,-2.798554706005592,-2.542707681982764,-3.0281164880534144,-1.5527998364338966,-1.6855076179849184,-1.8381291129038368,-0.07828499240337089,-1.131849078121855,-1.0485765062850945,-0.9268777078806504,-0.8329608797800597,-3.324750494704712,-0.9769645352233751,-2.995205146335002,1.001202632363352,5.143619732994859,8.64350339607387,-1.2522437289380108,-0.9529514506576864,-2.2873784110415336,1.7033598393294487,2.5604212063595213,5.773588977823235,-2.3923603887634446,9.76675050280098,-1.9348372625154109,-0.9640494050847266,-2.204999599210304,-0.011742332309531705,-2.2862778088355062,-3.4736988410590994,2.030154632378993,1.1865198042290166,-2.8567893011512684,3.7870779981278875,-2.105107922945992
1066575.4353937523,1762.840057008951,-0.99979822908699,-0.9792907366994503,0.1929415329748443,196.31127725871968,-0.9151675343660706,8.303675962827295,-0.8913653600344205,-0.9420010926217566,-0.9998928912292046,7.067891701517235,0.051527897539324075,-0.769437919500609,-0.9887384364380858,55.38146382167172,0.21707932762411075,-0.920291276975138,-0.6078177286435764,-0.9792055103499093,-0.26526420884430923,0.3675480201455039,0.33032533023333,1.0820523632249999,-0.8531368708652074,-0.8136421004324016,-0.9187902146356117,-0.9826824206987784,-0.7758127375191681,-0.9833700463534392,0.4048023144702395,-0.49836905076599314,-0.8791494633595334,-0.9235806347317097,-0.8647174436501801,-0.9707141427154331,-0.35192702692851185,-0.7030915973422341,4.448817609197848,86.1290670104865,445.9913160291282,-0.7457454753690697,-0.3293026121134325,-0.4001757724554512,27.11969859979097,16.85597177140197,7.6119613006235625,-0.7193938705027152,134.29888092462537,-0.9333954683508793,-0.3711689897081859,-0.8800247375346211,0.693499780374468,-0.7036102119905363,-0.8938176948815834,4.053054941365393,2.7703867714340595,-0.7249067051036644,5.37146565795864,-0.5595977970802029
y,ABIO,-0.5313099989793826,2001-01-02,2006-01-02
-0.1634168557655882,-0.5853030601707384,-0.9843111596332508,1.0639881686237362,-0.14747082955016785,-0.8794806264250434,-0.5024133978707473,-2.6881407348775044,-0.20629626140000382,-0.04525829996636533,-0.08387167382710142,0.039621106943589605,-1.343055436549828,-0.9696242726136024,-1.5298682173685803,-1.0003497092743823,-0.7114739601194382,-0.9488522170697062,-0.04031843002615014,-0.6756714835482025,-0.5599654974753475,-0.5860341300915588,-0.6124332052876629,-1.884874335745111,-0.44762401374678984,-0.8785280721205092,0.4568368958192696,1.7196843045508472,2.4734160245203984,-0.519096130323269,-0.3499057070118635,-0.7507942225371756,0.7483720132738243,0.9935058748348512,1.09981490175843,-0.9906365768577593,1.9243417389068587,-1.1172784290661275,-0.3907900177948907,-1.3271940542442455,-0.005088187648397318,-1.2247384245783217,-1.7726945339005997,0.896778825819241,0.43548553860902484,-1.0063996508574302,1.1395838591137957,-0.9927623484602629,-1.9590104326918623,-0.9134739105919542,-1.3146582116490384,-0.8000416834517106,1.347346635378643,-0.08644496132402404,1.412863738143242,0.09303394560344316,-0.9180912863239765,-1.6011785181522098,-0.022497554154641393,-1.6447545294306856
-0.32831962322361313,-1.322715558711572,-2.031532042188655,2.909606213052275,-0.33238070456415586,-2.7485826077621756,-0.7854134515638469,-3.4804904890488317,-0.4836303166711164,-0.11219533966032313,-0.20452051485593284,0.06296142731683817,-2.798554706005592,-2.542707681982764,-3.0281164880534144,-1.5527998364338966,-1.6855076179849184,-1.8381291129038368,-0.07828499240337089,-1.131849078121855,-1.0485765062850945,-0.9268777078806504,-0.8329608797800597,-3.324750494704712,-0.9769645352233751,-2.995205146335002,1.001202632363352,5.143619732994859,8.64350339607387,-1.2522437289380108,-0.9529514506576864,-2.2873784110415336,1.7033598393294487,2.5604212063595213,5.773588977823235,-2.3923603887634446,9.76675050280098,-1.9348372625154109,-0.9640494050847266,-2.204999599210304,-0.011742332309531705,-2.2862778088355062,-3.4736988410590994,2.030154632378993,1.1865198042290166,-2.8567893011512684,3.7870779981278875,-2.105107922945992,-3.4622679205080273,-1.7693332783959523,-2.3951412025473693,-1.8431645140787354,6.977647490835468,-0.29955907624107486,7.975867747972231,0.1937605703201574,-2.488723410875547,-3.1291437197305565,-0.07100207988945412,-3.5107376356885456
0.051527897539324075,-0.769437919500609,-0.9887384364380858,55.38146382167172,0.21707932762411075,-0.920291276975138,-0.6078177286435764,-0.9792055103499093,-0.26526420884430923,0.3675480201455039,0.33032533023333,1.0820523632249999,-0.8531368708652074,-0.8136421004324016,-0.9187902146356117,-0.9826824206987784,-0.7758127375191681,-0.9833700463534392,0.4048023144702395,-0.49836905076599314,-0.8791494633595334,-0.9235806347317097,-0.8647174436501801,-0.9707141427154331,-0.35192702692851185,-0.7030915973422341,4.448817609197848,86.1290670104865,445.9913160291282,-0.7457454753690697,-0.3293026121134325,-0.4001757724554512,27.11969859979097,16.85597177140197,7.6119613006235625,-0.7193938705027152,134.29888092462537,-0.9333954683508793,-0.3711689897081859,-0.8800247375346211,0.693499780374468,-0.7036102119905363,-0.8938176948815834,4.053054941365393,2.7703867714340595,-0.7249067051036644,5.37146565795864,-0.5595977970802029,-0.8707149330831931,-0.5487578781553599,-0.824630547402893,-0.5623813488664531,9.317734678065355,0.45963621191369497,10.033009009123036,0.8498047180750417,-0.2504279141655088,-0.8299482216561973,0.6748502033032837,-0.5508027759340175
y,ABIO,-0.5305860709098953,2002-01-02,2007-01-02
-1.343055436549828,-0.9696242726136024,-1.5298682173685803,-1.0003497092743823,-0.7114739601194382,-0.9488522170697062,-0.04031843002615014,-0.6756714835482025,-0.5599654974753475,-0.5860341300915588,-0.6124332052876629,-1.884874335745111,-0.44762401374678984,-0.8785280721205092,0.4568368958192696,1.7196843045508472,2.4734160245203984,-0.519096130323269,-0.3499057070118635,-0.7507942225371756,0.7483720132738243,0.9935058748348512,1.09981490175843,-0.9906365768577593,1.9243417389068587,-1.1172784290661275,-0.3907900177948907,-1.3271940542442455,-0.005088187648397318,-1.2247384245783217,-1.7726945339005997,0.896778825819241,0.43548553860902484,-1.0063996508574302,1.1395838591137957,-0.9927623484602629,-1.9590104326918623,-0.9134739105919542,-1.3146582116490384,-0.8000416834517106,1.347346635378643,-0.08644496132402404,1.412863738143242,0.09303394560344316,-0.9180912863239765,-1.6011785181522098,-0.022497554154641393,-1.6447545294306856,2.8334642916222426,0.21969421805676145,-0.4591283784431357,-1.4666145986965318,0.32518724567102536,-0.6526812061206958,-0.6363899936335625,1.925365527082225,-1.95460076172908,-0.39317540834538733,0.18524116595483703,-0.21958005380906945
-2.798554706005592,-2.542707681982764,-3.0281164880534144,-1.5527998364338966,-1.6855076179849184,-1.8381291129038368,-0.07828499240337089,-1.131849078121855,-1.0485765062850945,-0.9268777078806504,-0.8329608797800597,-3.324750494704712,-0.9769645352233751,-2.995205146335002,1.001202632363352,5.143619732994859,8.64350339607387,-1.2522437289380108,-0.9529514506576864,-2.2873784110415336,1.7033598393294487,2.5604212063595213,5.773588977823235,-2.3923603887634446,9.76675050280098,-1.9348372625154109,-0.9640494050847266,-2.204999599210304,-0.011742332309531705,-2.2862778088355062,-3.4736988410590994,2.030154632378993,1.1865198042290166,-2.8567893011512684,3.7870779981278875,-2.105107922945992,-3.4622679205080273,-1.7693332783959523,-2.3951412025473693,-1.8431645140787354,6.977647490835468,-0.29955907624107486,7.975867747972231,0.1937605703201574,-2.488723410875547,-3.1291437197305565,-0.07100207988945412,-3.5107376356885456,20.928400652844278,0.4908888685578076,-1.416438378679675,-3.3256674203747516,0.9710392585921331,-1.749629375213979,-1.6399135924477262,10.42074483750485,-3.0190782151859366,-1.12183910954108,0.5100965279456272,-0.22017496876196854
-0.8531368708652074,-0.8136421004324016,-0.9187902146356117,-0.9826824206987784,-0.7758127375191681,-0.9833700463534392,0.4048023144702395,-0.49836905076599314,-0.8791494633595334,-0.9235806347317097,-0.8647174436501801,-0.9707141427154331,-0.35192702692851185,-0.7030915973422341,4.448817609197848,86.1290670104865,445.9913160291282,-0.7457454753690697,-0.3293026121134325,-0.4001757724554512,27.11969859979097,16.85597177140197,7.6119613006235625,-0.7193938705027152,134.29888092462537,-0.9333954683508793,-0.3711689897081859,-0.8800247375346211,0.693499780374468,-0.7036102119905363,-0.8938176948815834,4.053054941365393,2.7703867714340595,-0.7249067051036644,5.37146565795864,-0.5595977970802029,-0.8707149330831931,-0.5487578781553599,-0.824630547402893,-0.5623813488664531,9.317734678065355,0.45963621191369497,10.033009009123036,0.8498047180750417,-0.2504279141655088,-0.8299482216561973,0.6748502033032837,-0.5508027759340175,2836.7660604897724,1.557086687551072,-0.11167301494473203,-0.7100249719303016,2.014039678142123,-0.3900483862554097,-0.3165217273812927,12.684117887188082,-0.8333260671975942,0.10362131492140247,1.1526904723846636,-0.9999999920684793
y,ABIO,-0.8260510494346969,2003-01-02,2008-01-02
-0.44762401374678984,-0.8785280721205092,0.4568368958192696,1.7196843045508472,2.4734160245203984,-0.519096130323269,-0.3499057070118635,-0.7507942225371756,0.7483720132738243,0.9935058748348512,1.09981490175843,-0.9906365768577593,1.9243417389068587,-1.1172784290661275,-0.3907900177948907,-1.3271940542442455,-0.005088187648397318,-1.2247384245783217,-1.7726945339005997,0.896778825819241,0.43548553860902484,-1.0063996508574302,1.1395838591137957,-0.9927623484602629,-1.9590104326918623,-0.9134739105919542,-1.3146582116490384,-0.8000416834517106,1.347346635378643,-0.08644496132402404,1.412863738143242,0.09303394560344316,-0.9180912863239765,-1.6011785181522098,-0.022497554154641393,-1.6447545294306856,2.8334642916222426,0.21969421805676145,-0.4591283784431357,-1.4666145986965318,0.32518724567102536,-0.6526812061206958,-0.6363899936335625,1.925365527082225,-1.95460076172908,-0.39317540834538733,0.18524116595483703,-0.21958005380906945,-1.1962224995220583,-0.9659257882407899,0.24180277443561157,-0.011956459939135773,-0.6483617393649626,-1.0358337826695263,-2.162013318817793,-0.12390194766864904,-0.9212486494569934,-1.112529201752769,-0.3238477481876466,-0.2593713574721544
-0.9769645352233751,-2.995205146335002,1.001202632363352,5.143619732994859,8.64350339607387,-1.2522437289380108,-0.9529514506576864,-2.2873784110415336,1.7033598393294487,2.5604212063595213,5.773588977823235,-2.3923603887634446,9.76675050280098,-1.9348372625154109,-0.9640494050847266,-2.204999599210304,-0.011742332309531705,-2.2862778088355062,-3.4736988410590994,2.030154632378993,1.1865198042290166,-2.8567893011512684,3.7870779981278875,-2.105107922945992,-3.4622679205080273,-1.7693332783959523,-2.3951412025473693,-1.8431645140787354,6.977647490835468,-0.29955907624107486,7.975867747972231,0.1937605703201574,-2.488723410875547,-3.1291437197305565,-0.07100207988945412,-3.5107376356885456,20.928400652844278,0.4908888685578076,-1.416438378679675,-3.3256674203747516,0.9710392585921331,-1.749629375213979,-1.6399135924477262,10.42074483750485,-3.0190782151859366,-1.12183910954108,0.5100965279456272,-0.22017496876196854,-2.724836666934738,-2.142234394548954,1.055579777113115,-0.026206584837344477,-1.8017776633813147,-1.2683662397261282,-3.52407426144939,-0.24638176389699146,-2.1467645845703425,-1.992855691076307,-1.1103302265462849,-0.4952394669332581
-0.35192702692851185,-0.7030915973422341,4.448817609197848,86.1290670104865,445.9913160291282,-0.7457454753690697,-0.3293026121134325,-0.4001757724554512,27.11969859979097,16.85597177140197,7.6119613006235625,-0.7193938705027152,134.29888092462537,-0.9333954683508793,-0.3711689897081859,-0.8800247375346211,0.693499780374468,-0.7036102119905363,-0.8938176948815834,4.053054941365393,2.7703867714340595,-0.7249067051036644,5.37146565795864,-0.5595977970802029,-0.8707149330831931,-0.5487578781553599,-0.824630547402893,-0.5623813488664531,9.317734678065355,0.45963621191369497,10.033009009123036,0.8498047180750417,-0.2504279141655088,-0.8299482216561973,0.6748502033032837,-0.5508027759340175,2836.7660604897724,1.557086687551072,-0.11167301494473203,-0.7100249719303016,2.014039678142123,-0.3900483862554097,-0.3165217273812927,12.684117887188082,-0.8333260671975942,0.10362131492140247,1.1526904723846636,-0.9999999920684793,-0.6695948543294903,-0.5029117811053241,2.207446386887521,0.6415791666304698,-0.4202315704523295,-0.948433814376155,-0.9373857842221631,0.1773518445004072,-0.688294288127252,-0.8040334291103585,-0.4214804615024935,-0.4407512965988528
y,ABIO,-0.48773459594487034,2004-01-02,2009-01-02
1.9243417389068587,-1.1172784290661275,-0.3907900177948907,-1.3271940542442455,-0.005088187648397318,-1.2247384245783217,-1.7726945339005997,0.896778825819241,0.43548553860902484,-1.0063996508574302,1.1395838591137957,-0.9927623484602629,-1.9590104326918623,-0.9134739105919542,-1.3146582116490384,-0.8000416834517106,1.347346635378643,-0.08644496132402404,1.412863738143242,0.09303394560344316,-0.9180912863239765,-1.6011785181522098,-0.022497554154641393,-1.6447545294306856,2.8334642916222426,0.21969421805676145,-0.4591283784431357,-1.4666145986965318,0.32518724567102536,-0.6526812061206958,-0.6363899936335625,1.925365527082225,-1.95460076172908,-0.39317540834538733,0.18524116595483703,-0.21958005380906945,-1.1962224995220583,-0.9659257882407899,0.24180277443561157,-0.011956459939135773,-0.6483617393649626,-1.0358337826695263,-2.162013318817793,-0.12390194766864904,-0.9212486494569934,-1.112529201752769,-0.3238477481876466,-0.2593713574721544,-0.839966874606057,-0.0007249721697993355,-0.6787021151503467,2.319551522238581,-1.4759666797538729,-1.1939974477369593,-0.7359143746182844,0.516703478865768,-0.9349722198698238,-0.4951698213093729,-0.34197932409235837,0.16345638336090637
9.76675050280098,-1.9348372625154109,-0.9640494050847266,-2.204999599210304,-0.011742332309531705,-2.2862778088355062,-3.4736988410590994,2.030154632378993,1.1865198042290166,-2.8567893011512684,3.7870779981278875,-2.105107922945992,-3.4622679205080273,-1.7693332783959523,-2.3951412025473693,-1.8431645140787354,6.977647490835468,-0.29955907624107486,7.975867747972231,0.1937605703201574,-2.488723410875547,-3.1291437197305565,-0.07100207988945412,-3.5107376356885456,20.928400652844278,0.4908888685578076,-1.416438378679675,-3.3256674203747516,0.9710392585921331,-1.749629375213979,-1.6399135924477262,10.42074483750485,-3.0190782151859366,-1.12183910954108,0.5100965279456272,-0.22017496876196854,-2.724836666934738,-2.142234394548954,1.055579777113115,-0.026206584837344477,-1.8017776633813147,-1.2683662397261282,-3.52407426144939,-0.24638176389699146,-2.1467645845703425,-1.992855691076307,-1.1103302265462849,-0.4952394669332581,-1.661922815029826,-0.002254372259344596,-0.7113214541326844,13.095069900358585,-4.470591314992482,-1.9022565032079204,-1.3136967157901867,1.5609209062417426,-2.4593033884953215,-1.0077423951546354,-0.8437414697526536,0.47075032827662183
134.29888092462537,-0.9333954683508793,-0.3711689897081859,-0.8800247375346211,0.693499780374468,-0.7036102119905363,-0.8938176948815834,4.053054941365393,2.7703867714340595,-0.7249067051036644,5.37146565795864,-0.5595977970802029,-0.8707149330831931,-0.5487578781553599,-0.824630547402893,-0.5623813488664531,9.317734678065355,0.45963621191369497,10.033009009123036,0.8498047180750417,-0.2504279141655088,-0.8299482216561973,0.6748502033032837,-0.5508027759340175,2836.7660604897724,1.557086687551072,-0.11167301494473203,-0.7100249719303016,2.014039678142123,-0.3900483862554097,-0.3165217273812927,12.684117887188082,-0.8333260671975942,0.10362131492140247,1.1526904723846636,-0.9999999920684793,-0.6695948543294903,-0.5029117811053241,2.207446386887521,0.6415791666304698,-0.4202315704523295,-0.948433814376155,-0.9373857842221631,0.1773518445004072,-0.688294288127252,-0.8040334291103585,-0.4214804615024935,-0.4407512965988528,-0.8041046314838024,0.5854025992871972,-0.9999330370439717,36.869726710907756,-0.8741153523707449,-0.9780454269988135,-0.9526399131097525,4.912294710314559,-0.933912307012979,-0.9503722821051536,-0.5442251079376206,1.1391515390508546
y,ABIO,-0.03966076034527444,2005-01-02,2010-01-02
-1.9590104326918623,-0.9134739105919542,-1.3146582116490384,-0.8000416834517106,1.347346635378643,-0.08644496132402404,1.412863738143242,0.09303394560344316,-0.9180912863239765,-1.6011785181522098,-0.022497554154641393,-1.6447545294306856,2.8334642916222426,0.21969421805676145,-0.4591283784431357,-1.4666145986965318,0.32518724567102536,-0.6526812061206958,-0.6363899936335625,1.925365527082225,-1.95460076172908,-0.39317540834538733,0.18524116595483703,-0.21958005380906945,-1.1962224995220583,-0.9659257882407899,0.24180277443561157,-0.011956459939135773,-0.6483617393649626,-1.0358337826695263,-2.162013318817793,-0.12390194766864904,-0.9212486494569934,-1.112529201752769,-0.3238477481876466,-0.2593713574721544,-0.839966874606057,-0.0007249721697993355,-0.6787021151503467,2.319551522238581,-1.4759666797538729,-1.1939974477369593,-0.7359143746182844,0.516703478865768,-0.9349722198698238,-0.4951698213093729,-0.34197932409235837,0.16345638336090637,-0.7196299483180636,-0.3797696933858853,-0.025182661601127903,2.767131424971312,-0.6136334529593794,-1.5918816757470178,0.6042398908272393,-0.9794928812087914,-0.48555346953060774,-1.8541708056435644,0.03295960383079182,0.9446669808587345
-3.4622679205080273,-1.7693332783959523,-2.3951412025473693,-1.8431645140787354,6.977647490835468,-0.29955907624107486,7.975867747972231,0.1937605703201574,-2.488723410875547,-3.1291437197305565,-0.07100207988945412,-3.5107376356885456,20.928400652844278,0.4908888685578076,-1.416438378679675,-3.3256674203747516,0.9710392585921331,-1.749629375213979,-1.6399135924477262,10.42074483750485,-3.0190782151859366,-1.12183910954108,0.5100965279456272,-0.22017496876196854,-2.724836666934738,-2.142234394548954,1.055579777113115,-0.026206584837344477,-1.8017776633813147,-1.2683662397261282,-3.52407426144939,-0.24638176389699146,-2.1467645845703425,-1.992855691076307,-1.1103302265462849,-0.4952394669332581,-1.661922815029826,-0.002254372259344596,-0.7113214541326844,13.095069900358585,-4.470591314992482,-1.9022565032079204,-1.3136967157901867,1.5609209062417426,-2.4593033884953215,-1.0077423951546354,-0.8437414697526536,0.47075032827662183,-1.5180816216496427,-1.0804977904497302,-0.05014665205336902,15.690425278800655,-0.6866569162262555,-2.9026312285039984,1.7274730506221034,-1.498306003558523,-1.2557213806885443,-2.5040439575924864,0.09179245623887329,4.2720318735036695
-0.8707149330831931,-0.5487578781553599,-0.824630547402893,-0.5623813488664531,9.317734678065355,0.45963621191369497,10.033009009123036,0.8498047180750417,-0.2504279141655088,-0.8299482216561973,0.6748502033032837,-0.5508027759340175,2836.7660604897724,1.557086687551072,-0.11167301494473203,-0.7100249719303016,2.014039678142123,-0.3900483862554097,-0.3165217273812927,12.684117887188082,-0.8333260671975942,0.10362131492140247,1.1526904723846636,-0.9999999920684793,-0.6695948543294903,-0.5029117811053241,2.207446386887521,0.6415791666304698,-0.4202315704523295,-0.948433814376155,-0.9373857842221631,0.1773518445004072,-0.688294288127252,-0.8040334291103585,-0.4214804615024935,-0.4407512965988528,-0.8041046314838024,0.5854025992871972,-0.9999330370439717,36.869726710907756,-0.8741153523707449,-0.9780454269988135,-0.9526399131097525,4.912294710314559,-0.933912307012979,-0.9503722821051536,-0.5442251079376206,1.1391515390508546,-0.8649073366033513,-0.2163805159036445,0.30185846002539773,1439.93648121942,-0.9997604433203572,-0.9974649568760385,25.823252552560554,-0.8389945606949993,-0.22730905288717096,-0.9082235726862411,0.863052331175054,4.755570975710813